episode,steps,reward
1,67,0
2,27,0
3,31,0
4,13,0
5,18,0
6,48,0
7,18,0
8,28,0
9,36,0
10,29,0
11,13,0
12,138,0
13,16,0
14,27,0
15,12,0
16,11,0
17,28,0
18,11,0
19,24,0
20,21,0
21,39,0
22,41,0
23,20,0
24,10,0
25,9,0
26,44,0
27,17,0
28,15,0
29,22,0
30,10,0
31,14,0
32,28,0
33,62,0
34,32,0
35,20,0
36,20,0
37,17,0
38,29,0
39,26,0
40,60,0
41,41,0
42,61,0
43,37,0
44,43,0
45,27,0
46,20,0
47,37,0
48,46,0
49,23,0
50,9,0
51,29,0
52,53,0
53,14,0
54,13,0
55,9,0
56,67,0
57,8,0
58,42,0
59,56,0
60,34,0
61,27,0
62,76,0
63,61,0
64,134,0
65,36,0
66,24,0
67,8,0
68,15,0
69,108,0
70,71,0
71,28,0
72,10,0
73,40,0
74,11,0
75,21,0
76,53,0
77,48,0
78,91,0
79,13,0
80,31,0
81,9,0
82,15,0
83,50,0
84,13,0
85,90,0
86,37,0
87,25,0
88,27,0
89,30,0
90,74,0
91,61,0
92,40,0
93,13,0
94,33,0
95,26,0
96,62,0
97,39,0
98,23,0
99,20,0
100,52,0
101,16,0
102,28,0
103,21,0
104,39,0
105,31,0
106,21,0
107,43,0
108,14,0
109,71,0
110,104,0
111,12,0
112,14,0
113,7,0
114,45,0
115,13,0
116,6,0
117,7,0
118,36,0
119,139,0
120,16,0
121,61,0
122,13,0
123,5,0
124,17,0
125,21,0
126,26,0
127,21,0
128,16,0
129,32,0
130,17,0
131,12,0
132,56,0
133,17,0
134,14,0
135,88,0
136,18,0
137,35,0
138,70,0
139,17,0
140,13,0
141,64,0
142,15,0
143,14,0
144,11,0
145,42,0
146,25,0
147,91,0
148,35,0
149,29,0
150,17,0
151,44,0
152,35,0
153,46,0
154,32,0
155,33,0
156,68,0
157,26,0
158,39,0
159,67,0
160,17,0
161,9,0
162,35,0
163,48,0
164,33,0
165,16,0
166,12,0
167,29,0
168,9,0
169,23,0
170,166,0
171,32,0
172,8,0
173,33,0
174,12,0
175,15,0
176,13,0
177,25,0
178,50,0
179,7,0
180,16,0
181,25,0
182,18,0
183,38,0
184,23,0
185,13,0
186,58,0
187,24,0
188,22,0
189,54,0
190,60,0
191,28,0
192,13,0
193,25,0
194,22,0
195,34,0
196,11,0
197,26,0
198,6,0
199,94,0
200,26,0
201,50,0
202,15,0
203,42,0
204,18,0
205,28,0
206,17,0
207,29,0
208,6,0
209,36,0
210,53,0
211,91,0
212,26,0
213,10,0
214,21,0
215,30,0
216,13,0
217,21,0
218,29,0
219,36,0
220,123,0
221,38,0
222,36,0
223,27,0
224,56,0
225,103,0
226,12,0
227,16,0
228,69,0
229,41,0
230,27,0
231,117,0
232,12,0
233,65,0
234,32,0
235,15,0
236,27,0
237,32,0
238,71,0
239,40,0
240,13,0
241,23,0
242,14,0
243,17,0
244,41,0
245,45,0
246,37,0
247,27,0
248,24,0
249,19,0
250,10,0
251,14,0
252,31,0
253,31,0
254,32,0
255,34,0
256,24,0
257,31,0
258,10,0
259,31,0
260,66,0
261,31,0
262,25,0
263,9,0
264,117,0
265,27,0
266,17,0
267,12,0
268,18,0
269,14,0
270,18,0
271,8,0
272,13,0
273,44,0
274,25,0
275,63,0
276,17,0
277,60,0
278,52,0
279,57,0
280,46,0
281,12,0
282,46,0
283,15,0
284,25,0
285,7,0
286,18,0
287,60,0
288,20,0
289,44,0
290,39,0
291,16,0
292,51,0
293,30,0
294,24,0
295,22,0
296,43,0
297,32,0
298,30,0
299,36,0
300,49,0
301,23,0
302,13,0
303,25,0
304,16,0
305,18,0
306,23,0
307,18,0
308,20,0
309,13,0
310,27,0
311,47,0
312,44,0
313,62,0
314,21,0
315,21,0
316,24,0
317,44,0
318,25,0
319,34,0
320,10,0
321,30,0
322,29,0
323,18,0
324,46,0
325,36,1
326,83,0
327,167,0
328,63,0
329,51,0
330,95,0
331,71,1
332,51,0
333,134,0
334,167,1
335,160,0
336,200,0
337,68,1
338,181,0
339,77,1
340,32,0
341,64,1
342,88,0
343,152,1
344,54,1
345,61,1
346,200,0
347,61,0
348,59,1
349,84,1
350,53,1
351,91,1
352,76,1
353,83,1
354,52,1
355,138,1
356,200,0
357,143,1
358,200,0
359,134,0
360,34,1
361,194,1
362,200,0
363,87,1
364,50,1
365,200,0
366,139,1
367,53,1
368,67,1
369,192,1
370,47,1
371,91,1
372,135,0
373,181,1
374,102,1
375,100,1
376,180,1
377,54,1
378,200,0
379,167,1
380,92,1
381,70,1
382,105,1
383,65,1
384,96,1
385,200,0
386,101,1
387,44,0
388,46,0
389,80,1
390,91,1
391,60,1
392,45,1
393,77,1
394,108,1
395,200,0
396,87,1
397,37,1
398,106,1
399,83,1
400,200,0
401,68,1
402,81,1
403,131,1
404,157,1
405,103,1
406,130,1
407,28,1
408,200,0
409,122,1
410,75,1
411,68,1
412,100,0
413,43,1
414,91,1
415,200,0
416,200,0
417,48,1
418,60,1
419,200,0
420,72,1
421,137,1
422,135,1
423,63,1
424,64,1
425,106,1
426,180,1
427,73,1
428,48,1
429,185,1
430,59,1
431,53,1
432,123,1
433,200,0
434,114,1
435,200,0
436,200,0
437,127,1
438,26,1
439,103,1
440,50,1
441,45,1
442,107,1
443,95,1
444,200,0
445,37,1
446,200,0
447,51,1
448,56,1
449,200,0
450,154,1
451,200,0
452,38,1
453,195,1
454,40,1
455,111,1
456,108,1
457,161,1
458,124,1
459,73,1
460,89,1
461,118,1
462,42,1
463,177,1
464,54,1
465,142,1
466,95,1
467,125,1
468,200,0
469,27,1
470,140,1
471,68,1
472,51,1
473,200,0
474,71,1
475,200,0
476,42,1
477,200,0
478,156,1
479,120,1
480,64,1
481,123,1
482,77,1
483,178,1
484,71,1
485,155,1
486,43,1
487,45,1
488,141,1
489,68,1
490,51,1
491,101,1
492,75,1
493,64,1
494,139,1
495,83,1
496,200,0
497,39,1
498,200,0
499,90,1
500,200,0
501,62,1
502,68,1
503,200,0
504,74,1
505,159,1
506,192,1
507,169,1
508,171,1
509,49,1
510,76,1
511,56,1
512,29,1
513,165,0
514,144,1
515,200,0
516,88,1
517,200,0
518,92,1
519,63,1
520,68,1
521,89,1
522,28,0
523,161,1
524,61,1
525,133,1
526,200,0
527,200,0
528,85,1
529,154,1
530,137,1
531,81,1
532,193,1
533,56,1
534,47,1
535,76,1
536,36,1
537,200,0
538,92,1
539,94,1
540,93,1
541,116,1
542,134,1
543,135,1
544,46,1
545,95,1
546,124,1
547,44,1
548,74,1
549,88,1
550,130,1
551,169,1
552,200,0
553,46,1
554,78,1
555,99,1
556,79,1
557,52,1
558,116,1
559,43,1
560,110,1
561,200,0
562,140,1
563,137,1
564,76,1
565,157,1
566,57,1
567,142,1
568,101,1
569,200,0
570,89,1
571,179,1
572,109,1
573,68,1
574,41,1
575,200,0
576,124,1
577,91,1
578,157,1
579,53,1
580,129,1
581,127,1
582,185,1
583,200,0
584,168,0
585,200,0
586,94,1
587,100,1
588,79,1
589,147,1
590,67,1
591,115,1
592,108,1
593,71,1
594,67,1
595,123,1
596,101,1
597,52,0
598,200,0
599,198,1
600,191,1
601,88,1
602,24,1
603,111,1
604,67,1
605,200,0
606,168,1
607,125,1
608,175,1
609,45,1
610,94,1
611,111,1
612,107,1
613,177,1
614,105,1
615,83,1
616,111,1
617,129,1
618,122,1
619,107,1
620,91,1
621,87,1
622,116,1
623,99,1
624,61,1
625,83,1
626,102,1
627,48,1
628,97,1
629,183,1
630,130,1
631,109,1
632,200,0
633,88,1
634,39,1
635,77,1
636,90,1
637,82,1
638,46,1
639,133,1
640,200,0
641,97,1
642,200,0
643,75,1
644,106,1
645,41,1
646,45,1
647,87,1
648,77,1
649,45,1
650,177,1
651,87,1
652,138,1
653,69,1
654,115,1
655,64,1
656,200,0
657,119,1
658,115,1
659,132,1
660,45,1
661,41,1
662,193,1
663,86,1
664,70,1
665,132,1
666,104,1
667,88,1
668,117,1
669,65,1
670,200,0
671,79,1
672,50,1
673,52,1
674,57,1
675,102,1
676,96,1
677,125,1
678,138,1
679,174,1
680,65,1
681,58,0
682,89,1
683,157,1
684,106,1
685,170,1
686,49,1
687,55,1
688,92,1
689,126,1
690,79,1
691,200,0
692,64,1
693,123,1
694,149,1
695,182,1
696,51,1
697,153,1
698,119,1
699,139,1
700,75,1
701,135,1
702,58,1
703,83,0
704,103,1
705,142,1
706,190,1
707,85,1
708,49,1
709,184,1
710,67,1
711,64,1
712,128,1
713,123,1
714,122,1
715,125,1
716,64,1
717,108,1
718,83,1
719,60,1
720,94,1
721,120,1
722,111,1
723,81,1
724,76,1
725,49,1
726,55,1
727,121,1
728,118,1
729,77,1
730,61,1
731,100,1
732,31,1
733,152,1
734,200,0
735,86,1
736,200,0
737,62,1
738,50,1
739,58,1
740,52,1
741,103,1
742,153,1
743,93,1
744,119,1
745,97,1
746,82,1
747,200,0
748,71,1
749,200,0
750,107,1
751,63,1
752,89,1
753,161,1
754,93,1
755,106,1
756,200,0
757,84,1
758,133,1
759,107,1
760,182,1
761,169,1
762,130,1
763,94,1
764,77,1
765,117,1
766,136,1
767,132,1
768,36,0
769,200,0
770,81,1
771,77,1
772,145,1
773,143,1
774,141,1
775,188,1
776,93,1
777,121,1
778,60,1
779,100,1
780,133,1
781,40,1
782,127,1
783,197,1
784,34,1
785,200,0
786,115,1
787,68,1
788,54,1
789,83,1
790,200,0
791,94,1
792,110,1
793,97,1
794,73,1
795,200,0
796,198,1
797,126,1
798,31,1
799,59,1
800,152,1
801,182,1
802,86,1
803,57,1
804,111,1
805,196,1
806,80,1
807,22,1
808,200,1
809,54,1
810,83,1
811,119,1
812,200,0
813,132,1
814,95,1
815,200,0
816,66,1
817,98,1
818,141,1
819,48,1
820,55,1
821,69,1
822,58,1
823,124,1
824,69,1
825,63,0
826,83,1
827,185,1
828,138,1
829,123,1
830,139,1
831,45,1
832,63,1
833,48,1
834,78,1
835,139,1
836,67,1
837,191,1
838,52,1
839,96,1
840,142,1
841,162,1
842,102,1
843,110,1
844,117,1
845,66,1
846,131,1
847,200,0
848,82,1
849,142,1
850,92,1
851,71,1
852,24,1
853,89,1
854,200,0
855,90,1
856,130,1
857,51,1
858,131,1
859,46,1
860,48,1
861,87,1
862,148,1
863,94,1
864,90,1
865,51,1
866,129,1
867,64,1
868,182,1
869,59,1
870,113,1
871,84,1
872,129,1
873,44,1
874,87,1
875,130,1
876,53,0
877,130,1
878,122,1
879,155,1
880,200,0
881,84,1
882,200,0
883,82,1
884,160,1
885,108,1
886,41,1
887,55,1
888,110,1
889,54,1
890,47,0
891,81,1
892,108,1
893,200,0
894,128,1
895,50,1
896,89,1
897,44,1
898,122,1
899,21,1
900,36,1
901,70,1
902,135,1
903,115,1
904,100,1
905,91,1
906,50,1
907,117,1
908,180,1
909,185,1
910,71,1
911,196,1
912,81,1
913,200,0
914,89,1
915,73,1
916,173,1
917,55,1
918,200,0
919,200,0
920,72,1
921,104,1
922,187,1
923,105,1
924,73,1
925,104,1
926,57,1
927,77,1
928,146,1
929,77,1
930,102,1
931,200,0
932,44,1
933,70,1
934,200,0
935,119,1
936,200,0
937,118,1
938,67,1
939,107,1
940,97,1
941,123,1
942,59,1
943,137,1
944,68,1
945,60,1
946,157,1
947,116,1
948,52,1
949,81,1
950,42,1
951,104,1
952,122,1
953,200,0
954,164,1
955,52,1
956,107,1
957,70,1
958,166,1
959,169,1
960,105,1
961,200,0
962,200,0
963,64,1
964,187,1
965,169,1
966,200,0
967,97,1
968,35,1
969,86,1
970,77,1
971,46,1
972,200,0
973,103,1
974,104,1
975,200,0
976,149,1
977,130,1
978,110,1
979,150,1
980,38,1
981,55,1
982,59,1
983,71,1
984,51,1
985,28,1
986,59,1
987,85,1
988,77,1
989,120,1
990,200,0
991,59,1
992,200,0
993,171,1
994,116,1
995,77,1
996,96,1
997,83,1
998,200,0
999,60,1
1000,87,1
1001,124,1
1002,200,0
1003,140,1
1004,51,1
1005,101,1
1006,40,1
1007,45,1
1008,82,1
1009,85,1
1010,82,1
1011,151,1
1012,38,1
1013,69,1
1014,44,1
1015,146,1
1016,130,1
1017,140,1
1018,73,1
1019,179,1
1020,190,1
1021,94,1
1022,96,1
1023,95,1
1024,36,1
1025,113,1
1026,44,1
1027,58,1
1028,52,1
1029,159,1
1030,200,0
1031,68,1
1032,200,0
1033,95,1
1034,65,1
1035,85,1
1036,30,1
1037,48,1
1038,98,1
1039,200,1
1040,68,1
1041,56,1
1042,139,1
1043,62,1
1044,178,1
1045,158,1
1046,72,1
1047,162,1
1048,115,1
1049,74,1
1050,124,1
1051,48,1
1052,41,1
1053,200,0
1054,141,1
1055,64,0
1056,111,1
1057,95,1
1058,84,1
1059,35,1
1060,102,1
1061,31,1
1062,200,0
1063,59,1
1064,138,1
1065,191,1
1066,65,1
1067,177,1
1068,96,1
1069,109,1
1070,50,1
1071,58,1
1072,68,1
1073,75,1
1074,90,1
1075,200,0
1076,158,1
1077,122,1
1078,67,1
1079,47,1
1080,65,1
1081,105,1
1082,80,1
1083,85,1
1084,161,1
1085,157,1
1086,70,1
1087,38,1
1088,32,0
1089,99,1
1090,43,1
1091,200,0
1092,103,1
1093,85,1
1094,122,1
1095,146,1
1096,162,1
1097,200,0
1098,53,1
1099,200,0
1100,36,1
1101,200,0
1102,168,1
1103,41,1
1104,85,1
1105,122,1
1106,83,1
1107,170,1
1108,156,1
1109,200,0
1110,43,1
1111,121,1
1112,55,1
1113,49,1
1114,157,1
1115,133,1
1116,200,0
1117,103,1
1118,88,1
1119,200,0
1120,123,1
1121,74,1
1122,54,1
1123,98,1
1124,115,1
1125,28,1
1126,132,1
1127,46,1
1128,119,1
1129,61,1
1130,200,0
1131,39,1
1132,35,1
1133,108,1
1134,142,1
1135,129,1
1136,117,1
1137,151,1
1138,101,1
1139,123,1
1140,200,0
1141,80,1
1142,72,1
1143,71,1
1144,132,1
1145,117,1
1146,97,1
1147,83,1
1148,72,1
1149,156,1
1150,42,1
1151,50,1
1152,154,1
1153,188,1
1154,49,1
1155,80,1
1156,56,1
1157,174,1
1158,77,1
1159,142,1
1160,59,1
1161,40,1
1162,109,1
1163,151,1
1164,200,0
1165,74,1
1166,129,1
1167,90,1
1168,59,1
1169,59,1
1170,86,1
1171,157,1
1172,163,1
1173,114,1
1174,65,1
1175,54,1
1176,191,1
1177,75,1
1178,183,1
1179,52,1
1180,137,1
1181,130,1
1182,127,1
1183,200,0
1184,44,1
1185,112,1
1186,68,1
1187,77,1
1188,173,1
1189,102,1
1190,84,1
1191,117,1
1192,110,1
1193,90,1
1194,80,1
1195,76,1
1196,132,1
1197,200,0
1198,200,0
1199,137,1
1200,200,0
1201,200,0
1202,200,0
1203,83,1
1204,200,0
1205,200,0
1206,79,1
1207,62,1
1208,161,1
1209,84,1
1210,192,1
1211,200,0
1212,82,1
1213,116,1
1214,104,1
1215,27,1
1216,200,0
1217,53,1
1218,57,1
1219,60,1
1220,126,1
1221,189,1
1222,179,1
1223,115,1
1224,101,1
1225,200,0
1226,143,1
1227,75,1
1228,82,1
1229,200,0
1230,134,1
1231,149,1
1232,179,1
1233,187,1
1234,80,1
1235,185,1
1236,70,1
1237,155,1
1238,121,1
1239,139,1
1240,98,1
1241,96,1
1242,128,1
1243,138,1
1244,184,1
1245,51,1
1246,133,1
1247,95,1
1248,128,1
1249,130,1
1250,134,1
1251,200,0
1252,76,1
1253,108,1
1254,66,1
1255,200,0
1256,83,1
1257,200,0
1258,109,1
1259,51,1
1260,200,0
1261,73,1
1262,81,1
1263,142,1
1264,81,1
1265,110,1
1266,157,1
1267,153,1
1268,110,1
1269,149,1
1270,200,0
1271,151,1
1272,183,1
1273,35,1
1274,64,1
1275,180,1
1276,138,1
1277,131,1
1278,62,1
1279,62,1
1280,187,1
1281,77,1
1282,65,1
1283,88,1
1284,83,1
1285,141,1
1286,51,1
1287,123,1
1288,150,1
1289,142,1
1290,143,1
1291,101,1
1292,180,1
1293,65,1
1294,200,1
1295,48,1
1296,65,1
1297,200,0
1298,71,1
1299,83,1
1300,43,1
1301,134,1
1302,193,1
1303,195,1
1304,200,0
1305,54,1
1306,175,1
1307,87,1
1308,51,1
1309,125,1
1310,33,1
1311,30,1
1312,45,1
1313,195,1
1314,189,1
1315,118,1
1316,83,1
1317,200,0
1318,61,1
1319,46,1
1320,89,1
1321,125,1
1322,73,1
1323,86,1
1324,48,1
1325,85,1
1326,98,1
1327,59,1
1328,200,0
1329,45,1
1330,98,1
1331,69,1
1332,127,1
1333,93,1
1334,51,1
1335,90,1
1336,133,1
1337,76,1
1338,40,1
1339,154,1
1340,102,1
1341,116,1
1342,200,0
1343,80,1
1344,172,1
1345,46,1
1346,86,1
1347,200,0
1348,200,0
1349,82,1
1350,110,1
1351,200,0
1352,64,1
1353,200,0
1354,53,1
1355,200,0
1356,157,1
1357,100,1
1358,177,1
1359,71,1
1360,106,1
1361,62,1
1362,89,1
1363,109,1
1364,166,1
1365,89,1
1366,144,1
1367,200,0
1368,82,1
1369,200,0
1370,71,1
1371,99,1
1372,169,1
1373,161,1
1374,30,1
1375,194,1
1376,61,1
1377,80,1
1378,168,1
1379,169,1
1380,109,1
1381,108,1
1382,22,1
1383,180,1
1384,43,1
1385,61,1
1386,200,0
1387,99,1
1388,71,1
1389,111,1
1390,162,1
1391,184,1
1392,199,1
1393,57,1
1394,200,0
1395,172,1
1396,93,1
1397,101,1
1398,109,1
1399,141,1
1400,200,0
1401,67,1
1402,200,0
1403,61,1
1404,200,0
1405,171,1
1406,97,1
1407,200,0
1408,104,1
1409,55,1
1410,64,1
1411,25,1
1412,200,0
1413,129,1
1414,87,1
1415,40,1
1416,131,1
1417,52,1
1418,114,1
1419,114,1
1420,187,1
1421,83,1
1422,75,1
1423,93,1
1424,57,1
1425,200,0
1426,188,1
1427,57,1
1428,92,1
1429,153,1
1430,94,1
1431,99,1
1432,73,1
1433,200,1
1434,41,1
1435,61,1
1436,179,1
1437,35,1
1438,43,1
1439,132,1
1440,125,1
1441,134,1
1442,155,1
1443,114,1
1444,53,1
1445,116,1
1446,200,0
1447,69,1
1448,26,1
1449,59,1
1450,139,1
1451,132,1
1452,200,0
1453,137,1
1454,43,1
1455,172,1
1456,160,1
1457,78,1
1458,97,1
1459,68,1
1460,74,1
1461,49,1
1462,79,1
1463,57,1
1464,163,1
1465,128,1
1466,74,1
1467,178,1
1468,55,1
1469,38,1
1470,78,1
1471,45,1
1472,131,1
1473,200,0
1474,59,1
1475,50,1
1476,139,1
1477,82,1
1478,107,1
1479,92,1
1480,91,1
1481,121,1
1482,25,0
1483,200,0
1484,80,1
1485,152,1
1486,186,1
1487,148,1
1488,146,1
1489,200,0
1490,99,1
1491,96,1
1492,23,1
1493,74,1
1494,200,0
1495,134,1
1496,179,1
1497,47,1
1498,129,1
1499,133,1
1500,43,1
1501,80,1
1502,132,1
1503,52,1
1504,154,1
1505,66,1
1506,149,1
1507,100,1
1508,83,1
1509,38,1
1510,51,1
1511,49,1
1512,64,1
1513,94,1
1514,119,1
1515,196,1
1516,120,1
1517,101,1
1518,48,1
1519,46,1
1520,102,1
1521,95,1
1522,33,1
1523,113,1
1524,196,1
1525,67,1
1526,192,1
1527,195,1
1528,63,1
1529,57,1
1530,64,1
1531,38,1
1532,68,1
1533,200,0
1534,82,1
1535,76,1
1536,25,1
1537,122,1
1538,102,1
1539,77,1
1540,48,1
1541,123,1
1542,136,1
1543,81,1
1544,177,1
1545,178,1
1546,108,1
1547,200,0
1548,93,1
1549,140,1
1550,145,1
1551,200,0
1552,115,1
1553,200,0
1554,200,0
1555,66,1
1556,169,1
1557,90,1
1558,84,1
1559,111,1
1560,31,1
1561,63,1
1562,200,0
1563,29,1
1564,52,1
1565,74,1
1566,55,1
1567,136,1
1568,76,1
1569,55,1
1570,104,1
1571,99,1
1572,200,0
1573,200,0
1574,200,0
1575,90,1
1576,90,1
1577,91,1
1578,104,1
1579,96,1
1580,172,1
1581,109,1
1582,60,1
1583,80,1
1584,142,1
1585,129,1
1586,94,1
1587,79,1
1588,133,1
1589,50,1
1590,102,1
1591,200,0
1592,200,0
1593,88,1
1594,99,1
1595,155,1
1596,79,1
1597,102,1
1598,50,1
1599,114,1
1600,84,1
1601,57,1
1602,78,1
1603,51,1
1604,67,1
1605,110,1
1606,85,1
1607,200,0
1608,167,1
1609,73,1
1610,133,1
1611,70,1
1612,193,1
1613,185,1
1614,112,1
1615,119,1
1616,60,1
1617,155,1
1618,200,0
1619,120,1
1620,159,1
1621,123,1
1622,60,1
1623,43,1
1624,91,1
1625,85,1
1626,57,1
1627,79,1
1628,139,1
1629,63,1
1630,200,1
1631,48,1
1632,51,1
1633,52,1
1634,75,1
1635,117,1
1636,93,1
1637,35,1
1638,74,1
1639,34,1
1640,200,0
1641,91,1
1642,149,1
1643,45,1
1644,91,1
1645,188,1
1646,67,1
1647,49,1
1648,140,1
1649,44,1
1650,96,1
1651,200,0
1652,74,1
1653,124,1
1654,37,1
1655,116,1
1656,86,1
1657,93,1
1658,19,1
1659,83,1
1660,74,1
1661,142,1
1662,71,1
1663,53,1
1664,123,1
1665,49,1
1666,164,1
1667,59,1
1668,55,1
1669,163,1
1670,164,1
1671,100,1
1672,77,1
1673,200,0
1674,73,1
1675,71,1
1676,68,1
1677,200,0
1678,102,1
1679,41,1
1680,151,1
1681,122,1
1682,125,1
1683,200,0
1684,41,1
1685,200,0
1686,191,1
1687,200,0
1688,155,1
1689,198,1
1690,112,1
1691,157,1
1692,184,1
1693,94,1
1694,104,1
1695,27,1
1696,43,1
1697,54,1
1698,48,1
1699,181,1
1700,76,1
1701,58,1
1702,68,1
1703,105,1
1704,200,0
1705,200,0
1706,77,1
1707,111,1
1708,169,1
1709,37,1
1710,48,1
1711,200,0
1712,189,1
1713,105,1
1714,161,1
1715,200,0
1716,130,1
1717,176,1
1718,33,1
1719,169,1
1720,97,1
1721,109,1
1722,49,1
1723,65,1
1724,63,1
1725,56,1
1726,105,1
1727,154,1
1728,139,1
1729,95,1
1730,128,1
1731,161,1
1732,121,1
1733,102,1
1734,108,1
1735,28,1
1736,189,1
1737,63,1
1738,36,1
1739,183,1
1740,200,0
1741,37,1
1742,66,1
1743,103,1
1744,95,1
1745,183,1
1746,131,1
1747,78,1
1748,200,0
1749,200,0
1750,118,1
1751,100,1
1752,54,1
1753,43,1
1754,200,0
1755,200,0
1756,83,1
1757,70,1
1758,80,1
1759,100,1
1760,200,0
1761,163,1
1762,35,1
1763,28,1
1764,63,1
1765,200,0
1766,135,1
1767,105,1
1768,93,1
1769,151,1
1770,92,1
1771,56,1
1772,55,1
1773,93,1
1774,58,1
1775,135,1
1776,127,1
1777,101,1
1778,113,1
1779,97,1
1780,38,1
1781,41,1
1782,128,1
1783,128,1
1784,75,1
1785,191,1
1786,112,1
1787,83,1
1788,200,0
1789,139,1
1790,116,1
1791,151,1
1792,74,1
1793,125,1
1794,160,1
1795,88,1
1796,185,1
1797,149,1
1798,55,1
1799,94,1
1800,182,1
1801,99,1
1802,68,1
1803,53,1
1804,125,1
1805,108,1
1806,36,1
1807,44,1
1808,172,1
1809,138,1
1810,200,0
1811,86,1
1812,52,1
1813,86,1
1814,185,1
1815,124,1
1816,171,1
1817,111,1
1818,101,1
1819,78,1
1820,175,1
1821,43,1
1822,51,1
1823,72,1
1824,200,0
1825,43,1
1826,100,1
1827,91,1
1828,191,1
1829,110,1
1830,68,1
1831,106,1
1832,200,0
1833,200,0
1834,72,1
1835,71,1
1836,70,1
1837,200,0
1838,95,1
1839,97,1
1840,33,1
1841,78,1
1842,62,1
1843,83,1
1844,71,1
1845,135,1
1846,150,1
1847,58,1
1848,60,1
1849,200,0
1850,176,1
1851,138,1
1852,66,1
1853,200,0
1854,51,1
1855,200,0
1856,101,1
1857,74,1
1858,62,1
1859,200,0
1860,115,1
1861,75,1
1862,65,1
1863,78,1
1864,49,1
1865,65,1
1866,159,1
1867,200,0
1868,88,1
1869,200,0
1870,57,1
1871,200,0
1872,109,1
1873,56,1
1874,80,1
1875,62,1
1876,31,1
1877,118,1
1878,191,1
1879,47,1
1880,37,0
1881,200,0
1882,41,1
1883,125,1
1884,102,1
1885,169,1
1886,91,1
1887,89,1
1888,30,1
1889,129,1
1890,87,1
1891,170,1
1892,60,1
1893,69,1
1894,200,0
1895,89,1
1896,144,1
1897,200,0
1898,96,1
1899,89,1
1900,71,1
1901,113,1
1902,182,1
1903,89,1
1904,70,1
1905,177,1
1906,200,0
1907,82,1
1908,53,1
1909,36,1
1910,86,1
1911,192,1
1912,144,1
1913,200,0
1914,81,1
1915,194,1
1916,86,1
1917,97,1
1918,128,1
1919,95,1
1920,146,1
1921,66,1
1922,189,1
1923,31,1
1924,37,1
1925,200,0
1926,46,1
1927,191,1
1928,49,1
1929,89,1
1930,153,1
1931,46,1
1932,58,0
1933,60,1
1934,111,1
1935,73,1
1936,43,1
1937,176,1
1938,200,0
1939,135,1
1940,151,1
1941,71,1
1942,110,1
1943,51,1
1944,200,0
1945,69,1
1946,37,1
1947,200,0
1948,58,1
1949,134,1
1950,125,1
1951,110,1
1952,23,1
1953,200,0
1954,37,1
1955,99,1
1956,144,1
1957,199,1
1958,98,1
1959,60,1
1960,56,1
1961,108,1
1962,73,1
1963,119,1
1964,29,1
1965,198,1
1966,34,0
1967,39,1
1968,63,1
1969,57,1
1970,51,1
1971,46,1
1972,200,0
1973,39,1
1974,82,1
1975,145,1
1976,28,1
1977,113,1
1978,116,1
1979,183,1
1980,56,1
1981,73,1
1982,179,1
1983,127,1
1984,200,0
1985,45,1
1986,53,1
1987,127,1
1988,132,1
1989,199,1
1990,58,1
1991,69,1
1992,56,1
1993,63,1
1994,96,1
1995,37,1
1996,96,1
1997,101,1
1998,200,0
1999,81,1
2000,102,1
2001,200,0
2002,118,1
2003,77,1
2004,47,1
2005,130,1
2006,48,1
2007,77,1
2008,107,1
2009,71,1
2010,162,1
2011,81,1
2012,147,1
2013,98,1
2014,179,1
2015,135,1
2016,52,1
2017,200,0
2018,173,1
2019,100,1
2020,65,1
2021,115,1
2022,118,1
2023,74,1
2024,69,1
2025,47,1
2026,47,1
2027,91,1
2028,75,1
2029,59,1
2030,169,1
2031,47,1
2032,188,1
2033,62,1
2034,66,1
2035,200,0
2036,98,1
2037,92,1
2038,50,1
2039,106,1
2040,161,1
2041,66,1
2042,90,1
2043,65,1
2044,168,1
2045,137,1
2046,56,1
2047,74,1
2048,118,1
2049,69,1
2050,64,1
2051,59,1
2052,55,1
2053,62,1
2054,31,1
2055,83,1
2056,64,1
2057,75,1
2058,138,1
2059,74,1
2060,98,1
2061,133,1
2062,36,1
2063,68,1
2064,126,1
2065,49,1
2066,200,0
2067,91,1
2068,117,1
2069,112,1
2070,48,1
2071,80,1
2072,200,0
2073,76,1
2074,40,1
2075,73,1
2076,200,0
2077,200,1
2078,98,1
2079,106,1
2080,54,1
2081,172,1
2082,42,1
2083,81,1
2084,77,1
2085,121,1
2086,74,1
2087,65,1
2088,145,1
2089,95,1
2090,124,1
2091,78,1
2092,110,1
2093,200,0
2094,200,0
2095,46,1
2096,60,1
2097,85,1
2098,27,1
2099,83,1
2100,200,0
2101,200,0
2102,54,1
2103,81,1
2104,92,1
2105,110,1
2106,56,1
2107,85,1
2108,200,0
2109,48,1
2110,99,1
2111,72,1
2112,55,1
2113,160,1
2114,55,1
2115,110,1
2116,59,1
2117,108,1
2118,109,1
2119,155,1
2120,170,1
2121,104,1
2122,133,1
2123,39,1
2124,109,1
2125,175,1
2126,101,1
2127,123,1
2128,61,1
2129,65,1
2130,41,1
2131,104,1
2132,186,1
2133,141,1
2134,89,1
2135,73,1
2136,200,0
2137,109,1
2138,189,1
2139,92,1
2140,139,1
2141,65,1
2142,57,1
2143,154,1
2144,139,1
2145,81,1
2146,79,1
2147,185,1
2148,83,1
2149,106,1
2150,182,1
2151,64,1
2152,59,1
2153,50,1
2154,76,1
2155,44,1
2156,43,1
2157,99,1
2158,120,1
2159,98,1
2160,166,1
2161,48,1
2162,138,1
2163,72,1
2164,79,1
2165,200,0
2166,77,1
2167,46,1
2168,143,1
2169,153,1
2170,134,1
2171,131,1
2172,99,1
2173,157,1
2174,121,1
2175,114,1
2176,200,0
2177,64,1
2178,48,1
2179,91,1
2180,116,1
2181,127,1
2182,75,1
2183,91,1
2184,77,1
2185,200,0
2186,51,1
2187,176,1
2188,134,1
2189,48,1
2190,152,1
2191,124,1
2192,132,1
2193,95,1
2194,47,1
2195,105,1
2196,145,1
2197,195,1
2198,166,1
2199,46,1
2200,48,1
2201,90,1
2202,96,1
2203,200,0
2204,103,1
2205,139,1
2206,179,1
2207,200,0
2208,86,1
2209,106,1
2210,200,0
2211,106,1
2212,200,0
2213,54,1
2214,118,1
2215,80,1
2216,79,1
2217,149,1
2218,46,1
2219,85,1
2220,93,1
2221,116,1
2222,88,1
2223,89,1
2224,37,1
2225,60,1
2226,150,1
2227,103,1
2228,97,1
2229,200,0
2230,189,1
2231,137,1
2232,200,0
2233,60,1
2234,83,1
2235,162,1
2236,187,1
2237,58,1
2238,77,1
2239,131,1
2240,134,1
2241,54,1
2242,71,1
2243,200,0
2244,49,1
2245,109,1
2246,61,1
2247,200,0
2248,76,1
2249,41,1
2250,200,0
2251,55,1
2252,94,1
2253,98,1
2254,133,1
2255,153,1
2256,194,1
2257,99,1
2258,77,1
2259,115,1
2260,65,1
2261,178,1
2262,156,1
2263,93,1
2264,67,1
2265,90,1
2266,49,1
2267,200,0
2268,47,1
2269,107,1
2270,200,0
2271,44,1
2272,148,1
2273,130,1
2274,151,1
2275,135,1
2276,188,1
2277,200,1
2278,200,0
2279,97,1
2280,99,1
2281,185,1
2282,79,1
2283,200,0
2284,98,1
2285,177,1
2286,142,1
2287,132,1
2288,98,1
2289,10,0
2290,90,1
2291,26,1
2292,77,1
2293,59,1
2294,200,0
2295,37,1
2296,32,1
2297,54,1
2298,97,1
2299,119,1
2300,200,0
2301,88,1
2302,61,1
2303,41,1
2304,176,1
2305,91,1
2306,83,1
2307,72,1
2308,119,1
2309,156,1
2310,107,1
2311,190,1
2312,133,1
2313,62,1
2314,159,1
2315,52,1
2316,137,1
2317,93,1
2318,147,1
2319,47,1
2320,141,1
2321,51,1
2322,200,0
2323,83,1
2324,48,1
2325,200,0
2326,37,1
2327,116,1
2328,200,0
2329,98,1
2330,77,1
2331,180,1
2332,200,0
2333,200,0
2334,178,1
2335,33,1
2336,154,1
2337,92,1
2338,56,1
2339,43,1
2340,111,1
2341,88,1
2342,169,1
2343,161,1
2344,83,1
2345,200,0
2346,67,1
2347,56,1
2348,200,0
2349,149,1
2350,73,1
2351,172,1
2352,91,1
2353,30,1
2354,72,1
2355,123,1
2356,63,1
2357,35,1
2358,56,1
2359,47,1
2360,48,1
2361,77,1
2362,188,1
2363,82,1
2364,63,1
2365,171,1
2366,92,1
2367,200,0
2368,188,1
2369,82,1
2370,200,0
2371,78,1
2372,118,1
2373,93,1
2374,85,1
2375,127,1
2376,35,1
2377,125,1
2378,165,1
2379,104,1
2380,190,1
2381,147,1
2382,92,1
2383,76,1
2384,200,0
2385,43,1
2386,148,1
2387,101,1
2388,165,1
2389,107,1
2390,67,1
2391,32,1
2392,105,1
2393,97,1
2394,84,1
2395,97,1
2396,96,1
2397,127,1
2398,46,1
2399,29,1
2400,82,1
2401,89,1
2402,200,0
2403,105,1
2404,101,1
2405,90,1
2406,124,1
2407,104,1
2408,52,1
2409,118,1
2410,81,1
2411,81,1
2412,80,1
2413,200,0
2414,200,0
2415,83,1
2416,181,1
2417,85,1
2418,73,1
2419,200,0
2420,110,1
2421,121,1
2422,85,1
2423,86,1
2424,101,1
2425,76,1
2426,86,1
2427,118,1
2428,137,1
2429,80,1
2430,167,1
2431,131,1
2432,80,1
2433,38,1
2434,154,1
2435,78,1
2436,200,0
2437,87,1
2438,19,1
2439,60,1
2440,71,1
2441,100,1
2442,61,1
2443,165,1
2444,57,1
2445,80,1
2446,37,1
2447,71,1
2448,53,1
2449,114,1
2450,88,1
2451,130,1
2452,84,1
2453,108,1
2454,117,1
2455,186,1
2456,132,1
2457,174,1
2458,93,1
2459,149,1
2460,68,1
2461,78,1
2462,52,1
2463,41,1
2464,57,1
2465,88,1
2466,95,1
2467,106,1
2468,102,1
2469,60,1
2470,151,1
2471,41,1
2472,192,1
2473,200,0
2474,97,1
2475,164,1
2476,148,1
2477,167,1
2478,102,1
2479,104,1
2480,58,1
2481,33,1
2482,76,1
2483,131,1
2484,200,0
2485,29,1
2486,125,1
2487,77,1
2488,96,1
2489,87,1
2490,70,1
2491,84,1
2492,123,1
2493,152,1
2494,66,1
2495,200,0
2496,98,1
2497,78,1
2498,74,1
2499,41,1
2500,96,1
2501,89,1
2502,85,1
2503,182,1
2504,133,1
2505,150,1
2506,200,0
2507,143,1
2508,62,1
2509,131,1
2510,56,1
2511,96,1
2512,43,1
2513,200,0
2514,200,0
2515,200,0
2516,47,1
2517,165,1
2518,92,1
2519,189,1
2520,200,0
2521,131,1
2522,123,1
2523,97,1
2524,200,0
2525,170,1
2526,99,1
2527,138,1
2528,93,1
2529,95,1
2530,136,1
2531,76,1
2532,200,0
2533,141,1
2534,139,1
2535,30,1
2536,200,0
2537,45,1
2538,96,1
2539,77,1
2540,39,1
2541,60,1
2542,140,1
2543,79,1
2544,68,1
2545,152,1
2546,96,1
2547,32,1
2548,107,1
2549,51,1
2550,200,0
2551,80,1
2552,119,1
2553,49,1
2554,101,1
2555,153,1
2556,77,1
2557,77,1
2558,200,0
2559,195,1
2560,74,1
2561,104,1
2562,200,0
2563,194,1
2564,84,1
2565,200,0
2566,25,1
2567,70,1
2568,40,1
2569,191,1
2570,65,1
2571,200,0
2572,92,1
2573,200,0
2574,44,1
2575,92,1
2576,200,0
2577,200,0
2578,200,0
2579,72,1
2580,82,1
2581,175,1
2582,110,1
2583,69,1
2584,200,0
2585,74,1
2586,43,1
2587,35,1
2588,89,1
2589,63,1
2590,67,1
2591,166,1
2592,181,1
2593,51,1
2594,200,0
2595,95,1
2596,122,1
2597,89,1
2598,132,1
2599,58,1
2600,200,0
2601,135,1
2602,97,1
2603,53,1
2604,105,1
2605,72,1
2606,200,0
2607,65,1
2608,136,1
2609,64,1
2610,171,1
2611,74,1
2612,196,1
2613,121,1
2614,63,1
2615,151,1
2616,109,1
2617,96,1
2618,44,1
2619,164,1
2620,70,1
2621,39,1
2622,87,1
2623,93,1
2624,129,1
2625,121,1
2626,50,1
2627,200,0
2628,50,1
2629,90,1
2630,139,1
2631,40,1
2632,151,1
2633,102,1
2634,165,1
2635,200,0
2636,87,1
2637,76,1
2638,176,1
2639,53,1
2640,188,1
2641,55,1
2642,35,1
2643,143,1
2644,74,1
2645,87,1
2646,161,1
2647,200,0
2648,98,1
2649,90,1
2650,48,1
2651,52,1
2652,62,1
2653,85,1
2654,129,1
2655,109,1
2656,185,1
2657,23,1
2658,39,1
2659,183,1
2660,169,1
2661,101,1
2662,97,1
2663,39,1
2664,71,1
2665,92,1
2666,88,1
2667,96,1
2668,160,1
2669,100,1
2670,72,1
2671,58,1
2672,92,1
2673,55,1
2674,39,1
2675,124,1
2676,52,1
2677,67,1
2678,41,1
2679,52,1
2680,127,1
2681,91,1
2682,58,1
2683,52,1
2684,54,1
2685,107,1
2686,153,1
2687,115,1
2688,64,1
2689,59,1
2690,90,1
2691,34,1
2692,160,1
2693,63,1
2694,102,1
2695,61,1
2696,42,1
2697,125,1
2698,179,1
2699,64,1
2700,114,1
2701,52,1
2702,76,1
2703,46,1
2704,67,1
2705,103,1
2706,40,1
2707,84,1
2708,200,0
2709,55,1
2710,200,0
2711,115,1
2712,47,1
2713,174,1
2714,111,1
2715,131,1
2716,73,1
2717,68,1
2718,62,1
2719,183,1
2720,130,1
2721,44,1
2722,80,1
2723,78,1
2724,72,1
2725,98,1
2726,136,1
2727,79,1
2728,113,1
2729,90,1
2730,124,1
2731,137,1
2732,70,1
2733,200,0
2734,180,1
2735,200,0
2736,144,1
2737,179,1
2738,111,1
2739,81,1
2740,134,1
2741,116,1
2742,79,1
2743,175,1
2744,77,1
2745,179,1
2746,42,1
2747,182,1
2748,128,1
2749,70,1
2750,54,1
2751,88,1
2752,66,1
2753,103,1
2754,123,1
2755,60,1
2756,133,1
2757,191,1
2758,200,0
2759,139,1
2760,118,1
2761,200,0
2762,200,0
2763,197,1
2764,169,1
2765,142,1
2766,200,0
2767,47,1
2768,95,1
2769,77,1
2770,72,1
2771,126,1
2772,111,1
2773,63,1
2774,57,1
2775,124,1
2776,55,1
2777,107,1
2778,76,1
2779,200,0
2780,29,1
2781,162,1
2782,66,1
2783,116,1
2784,139,1
2785,88,1
2786,200,0
2787,76,1
2788,200,0
2789,172,1
2790,95,1
2791,108,1
2792,33,1
2793,90,1
2794,39,1
2795,200,0
2796,119,1
2797,200,0
2798,51,1
2799,142,1
2800,145,1
2801,89,1
2802,98,1
2803,105,1
2804,54,1
2805,152,1
2806,79,1
2807,71,1
2808,58,1
2809,99,1
2810,132,1
2811,100,1
2812,63,1
2813,43,1
2814,49,1
2815,90,1
2816,122,1
2817,200,0
2818,140,1
2819,200,0
2820,126,1
2821,46,1
2822,120,1
2823,104,1
2824,111,1
2825,97,1
2826,158,1
2827,162,1
2828,155,1
2829,185,1
2830,200,0
2831,158,1
2832,200,0
2833,95,1
2834,94,1
2835,104,1
2836,200,0
2837,57,1
2838,157,1
2839,104,1
2840,80,1
2841,175,1
2842,120,1
2843,80,1
2844,92,1
2845,116,1
2846,200,0
2847,200,0
2848,126,1
2849,117,1
2850,180,1
2851,46,1
2852,54,1
2853,75,1
2854,200,0
2855,194,1
2856,132,1
2857,153,1
2858,55,1
2859,97,1
2860,156,1
2861,49,1
2862,60,1
2863,115,1
2864,92,1
2865,175,1
2866,177,1
2867,81,1
2868,90,1
2869,81,1
2870,37,1
2871,67,1
2872,99,1
2873,158,1
2874,53,1
2875,45,1
2876,88,1
2877,168,1
2878,78,1
2879,200,0
2880,63,1
2881,133,1
2882,170,1
2883,200,0
2884,97,1
2885,99,1
2886,104,1
2887,183,1
2888,123,1
2889,42,1
2890,159,1
2891,70,1
2892,200,0
2893,200,0
2894,67,1
2895,63,1
2896,54,1
2897,141,1
2898,155,1
2899,182,1
2900,133,1
2901,39,1
2902,152,1
2903,59,1
2904,200,0
2905,185,1
2906,200,0
2907,45,1
2908,37,1
2909,51,1
2910,200,0
2911,87,1
2912,40,1
2913,145,1
2914,85,1
2915,200,0
2916,82,1
2917,91,1
2918,189,1
2919,62,1
2920,174,1
2921,71,1
2922,200,0
2923,63,1
2924,53,1
2925,143,1
2926,54,1
2927,109,1
2928,200,0
2929,70,1
2930,133,1
2931,188,1
2932,56,1
2933,119,1
2934,119,1
2935,42,1
2936,89,1
2937,71,1
2938,34,1
2939,141,1
2940,200,0
2941,94,1
2942,200,0
2943,106,1
2944,108,1
2945,200,0
2946,200,0
2947,182,1
2948,117,1
2949,200,0
2950,76,1
2951,52,1
2952,30,1
2953,91,1
2954,53,1
2955,48,1
2956,45,1
2957,114,1
2958,50,1
2959,162,1
2960,200,0
2961,200,0
2962,57,1
2963,200,0
2964,87,1
2965,160,1
2966,167,1
2967,200,0
2968,175,1
2969,39,1
2970,84,1
2971,200,0
2972,92,1
2973,101,1
2974,102,1
2975,69,1
2976,118,1
2977,53,1
2978,88,1
2979,45,1
2980,200,0
2981,156,1
2982,200,0
2983,110,1
2984,173,1
2985,157,1
2986,54,1
2987,123,1
2988,57,1
2989,137,1
2990,63,1
2991,113,1
2992,60,1
2993,87,1
2994,66,1
2995,66,1
2996,156,1
2997,59,1
2998,81,1
2999,65,1
3000,157,1
3001,65,1
3002,99,1
3003,38,1
3004,85,1
3005,170,1
3006,67,1
3007,175,1
3008,60,1
3009,94,1
3010,123,1
3011,140,1
3012,75,1
3013,51,1
3014,78,1
3015,118,1
3016,119,1
3017,125,1
3018,118,1
3019,96,1
3020,150,1
3021,25,1
3022,76,1
3023,47,1
3024,200,0
3025,138,1
3026,105,1
3027,200,0
3028,30,1
3029,199,1
3030,62,1
3031,200,0
3032,149,1
3033,123,1
3034,58,1
3035,32,1
3036,186,1
3037,50,1
3038,135,1
3039,72,1
3040,182,1
3041,26,1
3042,97,1
3043,70,1
3044,44,1
3045,53,1
3046,200,0
3047,54,1
3048,74,1
3049,39,1
3050,49,1
3051,54,1
3052,129,1
3053,99,1
3054,146,1
3055,200,0
3056,163,1
3057,101,1
3058,182,1
3059,200,0
3060,68,1
3061,200,0
3062,53,1
3063,129,1
3064,80,1
3065,51,1
3066,64,1
3067,158,1
3068,66,1
3069,65,1
3070,86,1
3071,57,1
3072,84,1
3073,96,1
3074,200,0
3075,57,1
3076,85,1
3077,48,1
3078,63,1
3079,200,0
3080,200,0
3081,102,1
3082,55,1
3083,97,1
3084,200,0
3085,147,1
3086,197,1
3087,200,0
3088,200,0
3089,109,1
3090,58,1
3091,76,1
3092,123,1
3093,143,1
3094,200,0
3095,63,1
3096,200,0
3097,200,0
3098,79,1
3099,69,1
3100,200,0
3101,139,1
3102,200,0
3103,64,1
3104,62,1
3105,58,1
3106,87,1
3107,142,1
3108,113,1
3109,96,1
3110,185,1
3111,62,1
3112,46,1
3113,200,0
3114,51,1
3115,43,1
3116,108,1
3117,94,1
3118,56,1
3119,118,1
3120,69,1
3121,86,1
3122,109,1
3123,102,1
3124,128,1
3125,82,1
3126,200,0
3127,171,1
3128,88,1
3129,51,1
3130,48,1
3131,149,1
3132,132,1
3133,37,1
3134,65,1
3135,88,1
3136,127,1
3137,132,1
3138,200,0
3139,200,0
3140,159,1
3141,59,1
3142,75,1
3143,197,1
3144,130,1
3145,200,0
3146,90,1
3147,49,1
3148,90,1
3149,95,1
3150,124,1
3151,157,1
3152,200,0
3153,133,1
3154,107,1
3155,200,0
3156,174,1
3157,89,1
3158,200,0
3159,167,1
3160,37,1
3161,104,1
3162,43,1
3163,61,1
3164,110,1
3165,140,1
3166,132,1
3167,75,1
3168,140,1
3169,41,1
3170,79,1
3171,200,0
3172,200,0
3173,192,1
3174,62,1
3175,82,1
3176,46,1
3177,34,1
3178,74,1
3179,129,1
3180,105,1
3181,32,1
3182,84,1
3183,55,1
3184,160,1
3185,99,1
3186,156,1
3187,78,1
3188,120,1
3189,63,1
3190,67,1
3191,200,0
3192,67,1
3193,40,1
3194,200,0
3195,60,1
3196,76,1
3197,200,0
3198,66,1
3199,200,0
3200,79,1
3201,177,1
3202,43,1
3203,117,1
3204,101,1
3205,90,1
3206,141,1
3207,98,1
3208,185,1
3209,79,1
3210,112,1
3211,114,1
3212,157,1
3213,79,1
3214,90,1
3215,106,1
3216,167,1
3217,143,1
3218,175,1
3219,119,1
3220,107,1
3221,55,1
3222,50,1
3223,40,1
3224,58,1
3225,155,1
3226,194,1
3227,144,1
3228,99,1
3229,200,0
3230,39,1
3231,42,1
3232,67,1
3233,159,1
3234,115,1
3235,86,1
3236,106,1
3237,200,0
3238,107,1
3239,66,1
3240,138,1
3241,149,1
3242,32,1
3243,40,1
3244,106,1
3245,50,1
3246,67,1
3247,200,0
3248,200,0
3249,91,1
3250,154,1
3251,200,0
3252,141,1
3253,68,1
3254,53,1
3255,104,1
3256,130,1
3257,182,1
3258,200,0
3259,200,0
3260,129,1
3261,131,1
3262,200,0
3263,156,1
3264,75,1
3265,120,1
3266,174,1
3267,83,1
3268,113,1
3269,138,1
3270,90,1
3271,113,1
3272,55,1
3273,168,1
3274,200,0
3275,62,1
3276,87,1
3277,75,1
3278,35,1
3279,200,0
3280,84,1
3281,46,1
3282,131,1
3283,173,1
3284,71,1
3285,104,1
3286,42,1
3287,115,1
3288,200,0
3289,82,1
3290,43,1
3291,185,1
3292,80,1
3293,200,0
3294,99,1
3295,134,1
3296,200,0
3297,49,1
3298,158,1
3299,182,1
3300,172,1
3301,112,1
3302,200,0
3303,112,1
3304,123,1
3305,135,1
3306,106,1
3307,192,1
3308,86,1
3309,30,1
3310,55,1
3311,129,1
3312,142,1
3313,112,1
3314,43,1
3315,97,1
3316,76,1
3317,60,1
3318,134,1
3319,71,1
3320,121,1
3321,105,1
3322,91,1
3323,110,1
3324,137,1
3325,93,1
3326,46,1
3327,200,0
3328,149,1
3329,200,0
3330,113,1
3331,107,1
3332,28,1
3333,90,1
3334,62,1
3335,48,1
3336,75,1
3337,67,1
3338,114,1
3339,50,1
3340,126,1
3341,73,1
3342,88,1
3343,119,1
3344,142,1
3345,150,1
3346,64,1
3347,41,1
3348,115,1
3349,85,1
3350,87,1
3351,169,1
3352,200,0
3353,200,0
3354,133,1
3355,74,1
3356,55,1
3357,130,1
3358,83,1
3359,121,1
3360,66,1
3361,200,0
3362,200,0
3363,115,1
3364,67,1
3365,125,1
3366,167,1
3367,47,1
3368,174,1
3369,175,1
3370,127,1
3371,103,1
3372,37,1
3373,175,1
3374,200,0
3375,135,1
3376,109,1
3377,101,1
3378,130,1
3379,185,1
3380,200,0
3381,139,1
3382,83,1
3383,200,0
3384,200,0
3385,140,1
3386,200,0
3387,30,1
3388,104,1
3389,72,1
3390,200,0
3391,79,1
3392,70,1
3393,133,1
3394,200,0
3395,123,1
3396,200,0
3397,55,1
3398,200,0
3399,80,1
3400,100,1
3401,60,1
3402,52,1
3403,52,1
3404,94,1
3405,195,1
3406,93,1
3407,95,1
3408,167,1
3409,56,1
3410,140,1
3411,55,1
3412,112,1
3413,200,0
3414,96,1
3415,97,1
3416,182,1
3417,107,1
3418,124,1
3419,61,1
3420,114,1
3421,93,1
3422,43,1
3423,148,1
3424,42,1
3425,200,0
3426,114,1
3427,114,1
3428,61,1
3429,181,1
3430,176,1
3431,119,1
3432,69,1
3433,64,1
3434,63,1
3435,20,1
3436,80,1
3437,112,1
3438,64,1
3439,154,1
3440,114,1
3441,160,1
3442,83,1
3443,87,1
3444,116,1
3445,49,1
3446,40,1
3447,90,1
3448,195,1
3449,131,1
3450,200,0
3451,56,1
3452,89,1
3453,114,1
3454,112,1
3455,171,1
3456,152,1
3457,76,1
3458,78,1
3459,42,1
3460,200,0
3461,94,1
3462,200,0
3463,108,1
3464,57,1
3465,97,1
3466,38,1
3467,72,1
3468,105,1
3469,72,1
3470,59,1
3471,200,0
3472,75,1
3473,96,1
3474,200,0
3475,173,1
3476,66,1
3477,44,1
3478,115,1
3479,64,1
3480,62,1
3481,97,1
3482,70,1
3483,200,0
3484,98,1
3485,102,1
3486,46,1
3487,105,1
3488,68,1
3489,97,1
3490,45,1
3491,90,1
3492,61,1
3493,200,0
3494,67,1
3495,92,1
3496,132,1
3497,73,1
3498,49,1
3499,64,1
3500,37,1
3501,50,1
3502,71,1
3503,88,1
3504,200,0
3505,107,1
3506,93,1
3507,158,1
3508,146,1
3509,86,1
3510,103,1
3511,200,0
3512,61,1
3513,62,1
3514,94,1
3515,200,0
3516,49,1
3517,174,1
3518,73,1
3519,137,1
3520,147,1
3521,93,1
3522,43,1
3523,181,1
3524,56,1
3525,200,0
3526,138,1
3527,200,0
3528,58,1
3529,142,1
3530,129,1
3531,162,1
3532,75,1
3533,200,0
3534,105,1
3535,100,1
3536,200,0
3537,105,1
3538,72,1
3539,200,0
3540,180,1
3541,122,1
3542,200,0
3543,54,1
3544,97,1
3545,98,1
3546,162,1
3547,97,1
3548,88,1
3549,42,1
3550,148,1
3551,112,1
3552,97,1
3553,147,1
3554,79,1
3555,200,0
3556,200,0
3557,200,0
3558,85,1
3559,118,1
3560,131,1
3561,114,1
3562,148,1
3563,153,1
3564,95,1
3565,149,1
3566,200,0
3567,52,1
3568,41,1
3569,200,0
3570,153,1
3571,200,0
3572,65,1
3573,200,0
3574,59,1
3575,200,0
3576,48,1
3577,156,1
3578,58,1
3579,69,1
3580,195,1
3581,87,1
3582,170,1
3583,43,1
3584,36,1
3585,106,1
3586,118,1
3587,163,1
3588,184,1
3589,71,1
3590,92,1
3591,51,1
3592,48,1
3593,140,1
3594,47,1
3595,67,1
3596,154,1
3597,172,1
3598,100,1
3599,63,1
3600,200,0
3601,53,1
3602,53,1
3603,112,1
3604,80,1
3605,200,0
3606,66,1
3607,134,1
3608,76,1
3609,120,1
3610,79,1
3611,101,1
3612,116,1
3613,30,1
3614,76,1
3615,125,1
3616,76,1
3617,131,1
3618,56,1
3619,200,0
3620,175,1
3621,72,1
3622,200,0
3623,200,0
3624,63,1
3625,48,1
3626,62,1
3627,148,1
3628,200,0
3629,115,1
3630,175,1
3631,80,1
3632,84,1
3633,200,0
3634,72,1
3635,200,0
3636,100,1
3637,92,1
3638,200,0
3639,111,1
3640,70,1
3641,90,1
3642,124,1
3643,58,1
3644,38,1
3645,48,1
3646,195,1
3647,57,1
3648,200,0
3649,55,1
3650,200,0
3651,77,1
3652,125,1
3653,200,0
3654,60,1
3655,26,1
3656,91,1
3657,124,1
3658,53,1
3659,130,1
3660,70,1
3661,83,1
3662,83,1
3663,48,1
3664,200,0
3665,138,1
3666,61,1
3667,124,1
3668,41,1
3669,78,1
3670,91,1
3671,84,1
3672,88,1
3673,52,1
3674,57,1
3675,200,0
3676,116,1
3677,146,1
3678,55,1
3679,92,1
3680,97,1
3681,107,1
3682,76,1
3683,65,1
3684,146,1
3685,103,1
3686,107,1
3687,56,1
3688,95,1
3689,39,1
3690,40,1
3691,117,1
3692,95,1
3693,96,1
3694,115,1
3695,53,1
3696,200,0
3697,38,1
3698,63,1
3699,83,1
3700,121,1
3701,179,1
3702,200,0
3703,131,1
3704,61,1
3705,72,1
3706,67,1
3707,200,0
3708,200,0
3709,177,1
3710,150,1
3711,132,1
3712,150,1
3713,49,1
3714,119,1
3715,64,1
3716,63,1
3717,165,1
3718,200,0
3719,49,1
3720,200,0
3721,147,1
3722,105,1
3723,114,1
3724,97,1
3725,146,1
3726,41,1
3727,60,1
3728,95,1
3729,133,1
3730,84,1
3731,200,0
3732,102,1
3733,115,1
3734,83,1
3735,200,0
3736,196,1
3737,77,1
3738,75,1
3739,75,1
3740,91,1
3741,44,1
3742,200,0
3743,180,1
3744,121,1
3745,33,1
3746,112,1
3747,58,1
3748,56,1
3749,134,1
3750,83,1
3751,23,1
3752,94,1
3753,107,1
3754,110,1
3755,70,1
3756,184,1
3757,69,1
3758,77,1
3759,101,1
3760,103,1
3761,86,1
3762,93,1
3763,107,1
3764,118,1
3765,89,1
3766,47,1
3767,98,1
3768,57,1
3769,72,1
3770,172,1
3771,81,1
3772,80,1
3773,187,1
3774,122,1
3775,117,1
3776,106,1
3777,67,1
3778,130,1
3779,135,1
3780,105,1
3781,67,1
3782,200,0
3783,172,1
3784,47,1
3785,100,1
3786,200,0
3787,131,1
3788,81,1
3789,171,1
3790,115,1
3791,156,1
3792,54,1
3793,71,1
3794,81,1
3795,113,1
3796,86,1
3797,79,1
3798,56,1
3799,110,1
3800,163,1
3801,102,1
3802,69,1
3803,123,1
3804,75,1
3805,72,1
3806,76,1
3807,115,1
3808,173,1
3809,104,1
3810,111,1
3811,168,1
3812,137,1
3813,57,1
3814,74,1
3815,141,1
3816,91,1
3817,151,1
3818,74,1
3819,124,1
3820,44,1
3821,93,1
3822,83,1
3823,109,1
3824,106,1
3825,143,1
3826,54,1
3827,53,1
3828,200,0
3829,120,1
3830,101,1
3831,100,1
3832,139,1
3833,119,1
3834,45,1
3835,33,1
3836,168,1
3837,51,1
3838,36,1
3839,67,1
3840,200,0
3841,176,1
3842,200,0
3843,50,1
3844,51,1
3845,58,1
3846,55,1
3847,200,0
3848,79,1
3849,80,1
3850,200,0
3851,48,1
3852,80,1
3853,104,1
3854,102,1
3855,82,1
3856,72,1
3857,105,1
3858,107,1
3859,110,1
3860,129,1
3861,140,1
3862,112,1
3863,68,1
3864,84,1
3865,71,1
3866,108,1
3867,55,1
3868,200,0
3869,106,1
3870,79,1
3871,61,1
3872,142,1
3873,79,1
3874,200,0
3875,57,1
3876,49,1
3877,50,1
3878,132,1
3879,115,1
3880,108,1
3881,200,0
3882,52,1
3883,139,1
3884,23,1
3885,200,0
3886,184,1
3887,91,1
3888,74,1
3889,46,1
3890,200,0
3891,33,1
3892,86,1
3893,50,1
3894,115,1
3895,51,1
3896,200,0
3897,57,1
3898,200,0
3899,181,1
3900,200,0
3901,84,1
3902,200,0
3903,99,1
3904,200,0
3905,116,1
3906,37,1
3907,63,1
3908,143,1
3909,182,1
3910,65,1
3911,97,1
3912,87,1
3913,184,1
3914,120,1
3915,107,1
3916,142,1
3917,62,1
3918,68,1
3919,116,1
3920,199,1
3921,96,1
3922,124,1
3923,62,1
3924,146,1
3925,148,1
3926,91,1
3927,64,1
3928,111,1
3929,76,1
3930,90,1
3931,83,1
3932,200,0
3933,108,1
3934,153,1
3935,122,1
3936,88,1
3937,76,1
3938,56,1
3939,109,1
3940,74,1
3941,72,1
3942,188,1
3943,142,1
3944,99,1
3945,200,0
3946,49,1
3947,56,1
3948,128,1
3949,30,1
3950,47,1
3951,137,1
3952,66,1
3953,84,1
3954,200,0
3955,141,1
3956,64,1
3957,154,1
3958,129,1
3959,134,1
3960,81,1
3961,64,1
3962,74,1
3963,140,1
3964,65,1
3965,113,1
3966,66,1
3967,188,1
3968,83,1
3969,98,1
3970,51,1
3971,66,1
3972,77,1
3973,31,1
3974,111,1
3975,97,1
3976,145,1
3977,182,1
3978,67,1
3979,150,1
3980,97,1
3981,86,1
3982,60,1
3983,60,1
3984,104,1
3985,200,0
3986,72,1
3987,148,1
3988,193,1
3989,43,1
3990,81,1
3991,147,1
3992,189,1
3993,57,1
3994,193,1
3995,159,1
3996,200,0
3997,200,0
3998,156,1
3999,58,1
4000,60,1
4001,104,1
4002,98,1
4003,99,1
4004,113,1
4005,79,1
4006,107,1
4007,73,1
4008,198,1
4009,200,0
4010,104,1
4011,86,1
4012,40,1
4013,123,1
4014,79,1
4015,77,1
4016,37,1
4017,129,1
4018,78,1
4019,91,1
4020,99,1
4021,122,1
4022,68,1
4023,125,1
4024,107,1
4025,116,1
4026,84,1
4027,61,1
4028,200,0
4029,56,1
4030,72,1
4031,200,0
4032,200,0
4033,85,1
4034,118,1
4035,77,1
4036,171,1
4037,69,1
4038,75,1
4039,63,1
4040,136,1
4041,153,1
4042,142,1
4043,38,1
4044,40,1
4045,81,1
4046,91,1
4047,112,1
4048,80,1
4049,167,1
4050,104,1
4051,85,1
4052,63,1
4053,90,1
4054,62,1
4055,50,1
4056,52,1
4057,49,1
4058,51,1
4059,200,0
4060,29,1
4061,121,1
4062,49,1
4063,76,1
4064,86,1
4065,88,1
4066,75,1
4067,114,1
4068,104,1
4069,181,1
4070,75,1
4071,75,1
4072,199,1
4073,153,1
4074,53,1
4075,41,1
4076,111,1
4077,44,1
4078,135,1
4079,179,1
4080,117,1
4081,85,1
4082,85,1
4083,166,1
4084,111,1
4085,59,1
4086,184,1
4087,120,1
4088,91,1
4089,32,1
4090,200,0
4091,136,1
4092,59,1
4093,57,1
4094,169,1
4095,104,1
4096,200,0
4097,129,1
4098,200,0
4099,45,1
4100,42,1
4101,96,1
4102,200,0
4103,174,1
4104,61,1
4105,200,0
4106,171,1
4107,168,1
4108,49,1
4109,96,1
4110,45,1
4111,122,1
4112,152,1
4113,144,1
4114,200,0
4115,94,1
4116,38,1
4117,163,1
4118,60,1
4119,200,0
4120,39,1
4121,45,1
4122,118,1
4123,55,1
4124,200,0
4125,75,1
4126,81,1
4127,91,1
4128,130,1
4129,200,0
4130,81,1
4131,51,1
4132,95,1
4133,145,1
4134,120,1
4135,69,1
4136,101,1
4137,60,1
4138,111,1
4139,137,1
4140,115,1
4141,149,1
4142,200,0
4143,62,1
4144,91,1
4145,50,1
4146,71,1
4147,80,1
4148,139,1
4149,46,1
4150,45,1
4151,200,0
4152,50,1
4153,134,1
4154,55,1
4155,110,1
4156,56,1
4157,171,1
4158,110,1
4159,79,1
4160,104,1
4161,142,1
4162,200,0
4163,200,0
4164,132,1
4165,200,0
4166,93,1
4167,128,1
4168,69,1
4169,92,1
4170,56,1
4171,102,1
4172,92,1
4173,150,1
4174,136,1
4175,135,1
4176,58,1
4177,48,1
4178,88,1
4179,97,1
4180,137,1
4181,120,1
4182,200,0
4183,110,1
4184,64,1
4185,200,0
4186,63,1
4187,175,1
4188,200,0
4189,62,1
4190,200,0
4191,117,1
4192,166,1
4193,51,1
4194,51,1
4195,178,1
4196,200,0
4197,144,1
4198,77,1
4199,57,1
4200,45,1
4201,110,1
4202,107,1
4203,155,1
4204,129,1
4205,119,1
4206,51,1
4207,54,1
4208,171,1
4209,39,1
4210,19,1
4211,71,1
4212,113,1
4213,86,1
4214,98,1
4215,107,1
4216,54,1
4217,52,1
4218,200,0
4219,63,1
4220,200,0
4221,125,1
4222,198,1
4223,58,1
4224,93,1
4225,89,1
4226,69,1
4227,186,1
4228,155,1
4229,84,1
4230,32,1
4231,141,1
4232,136,1
4233,105,1
4234,80,1
4235,119,1
4236,200,0
4237,52,1
4238,147,1
4239,62,1
4240,138,1
4241,49,1
4242,113,1
4243,123,1
4244,29,1
4245,200,0
4246,143,1
4247,127,1
4248,85,1
4249,82,1
4250,154,1
4251,200,0
4252,64,1
4253,80,1
4254,90,1
4255,113,1
4256,92,1
4257,147,1
4258,63,1
4259,67,1
4260,61,1
4261,49,1
4262,104,1
4263,63,1
4264,200,0
4265,61,1
4266,143,1
4267,117,1
4268,61,1
4269,88,1
4270,200,0
4271,200,0
4272,148,1
4273,50,1
4274,90,1
4275,112,1
4276,200,0
4277,200,0
4278,97,1
4279,99,1
4280,32,1
4281,176,1
4282,120,1
4283,70,1
4284,81,1
4285,77,1
4286,115,1
4287,100,1
4288,60,1
4289,88,1
4290,71,1
4291,81,1
4292,200,0
4293,114,1
4294,99,1
4295,135,1
4296,179,1
4297,51,1
4298,115,1
4299,55,1
4300,110,1
4301,167,1
4302,39,1
4303,110,1
4304,130,1
4305,40,1
4306,85,1
4307,56,1
4308,142,1
4309,179,1
4310,103,1
4311,110,1
4312,66,1
4313,200,0
4314,98,1
4315,115,1
4316,161,1
4317,84,1
4318,147,1
4319,94,1
4320,61,1
4321,195,1
4322,31,1
4323,152,1
4324,59,1
4325,64,1
4326,110,1
4327,75,1
4328,59,1
4329,124,1
4330,121,1
4331,65,1
4332,81,1
4333,39,1
4334,148,1
4335,44,1
4336,93,1
4337,68,1
4338,99,1
4339,52,1
4340,50,1
4341,153,1
4342,51,1
4343,156,1
4344,72,1
4345,178,1
4346,179,1
4347,99,1
4348,111,1
4349,119,1
4350,45,1
4351,187,1
4352,194,1
4353,70,1
4354,126,1
4355,58,1
4356,127,1
4357,55,1
4358,59,1
4359,78,1
4360,200,0
4361,102,1
4362,129,1
4363,61,1
4364,110,1
4365,50,1
4366,131,1
4367,82,1
4368,74,1
4369,189,1
4370,93,1
4371,78,1
4372,200,0
4373,44,1
4374,40,1
4375,100,1
4376,38,1
4377,60,1
4378,57,1
4379,200,0
4380,187,1
4381,68,1
4382,151,1
4383,77,1
4384,84,1
4385,79,1
4386,72,1
4387,158,1
4388,103,1
4389,113,1
4390,128,1
4391,106,1
4392,196,1
4393,69,1
4394,103,1
4395,81,1
4396,44,1
4397,131,1
4398,37,1
4399,200,0
4400,78,1
4401,96,1
4402,113,1
4403,72,1
4404,72,1
4405,99,1
4406,34,1
4407,109,1
4408,200,0
4409,78,1
4410,127,1
4411,33,1
4412,92,1
4413,103,1
4414,113,1
4415,112,1
4416,118,1
4417,200,0
4418,132,1
4419,199,1
4420,78,1
4421,58,1
4422,109,1
4423,62,1
4424,122,1
4425,168,1
4426,47,1
4427,23,1
4428,117,1
4429,57,1
4430,36,1
4431,106,1
4432,200,0
4433,200,0
4434,200,0
4435,129,1
4436,200,0
4437,180,1
4438,200,0
4439,123,1
4440,108,1
4441,149,1
4442,93,1
4443,141,1
4444,58,1
4445,200,0
4446,77,1
4447,200,0
4448,112,1
4449,73,1
4450,80,1
4451,43,1
4452,132,1
4453,71,1
4454,200,0
4455,70,1
4456,93,1
4457,73,1
4458,61,1
4459,78,1
4460,117,1
4461,60,1
4462,83,1
4463,200,0
4464,66,1
4465,157,1
4466,124,1
4467,142,1
4468,131,1
4469,200,0
4470,109,1
4471,200,0
4472,98,1
4473,200,0
4474,52,1
4475,43,1
4476,75,1
4477,114,1
4478,181,1
4479,200,0
4480,104,1
4481,130,1
4482,124,1
4483,105,1
4484,55,1
4485,200,0
4486,200,0
4487,106,1
4488,89,1
4489,200,0
4490,68,1
4491,73,1
4492,111,1
4493,112,1
4494,140,1
4495,86,1
4496,59,1
4497,49,1
4498,80,1
4499,161,1
4500,80,1
4501,137,1
4502,136,1
4503,168,1
4504,126,1
4505,131,1
4506,65,1
4507,74,1
4508,200,0
4509,97,1
4510,200,0
4511,110,1
4512,122,1
4513,191,1
4514,49,1
4515,63,1
4516,91,1
4517,200,0
4518,135,1
4519,140,1
4520,150,1
4521,60,1
4522,87,1
4523,86,1
4524,132,1
4525,81,1
4526,118,1
4527,115,1
4528,98,1
4529,146,1
4530,158,1
4531,145,1
4532,200,0
4533,65,1
4534,154,1
4535,41,1
4536,65,1
4537,144,1
4538,48,1
4539,89,1
4540,88,1
4541,101,1
4542,53,1
4543,43,1
4544,57,1
4545,141,1
4546,94,1
4547,92,1
4548,97,1
4549,200,0
4550,124,1
4551,40,1
4552,146,1
4553,200,0
4554,200,0
4555,53,1
4556,56,1
4557,91,1
4558,88,1
4559,138,1
4560,100,1
4561,112,1
4562,65,1
4563,200,0
4564,122,1
4565,156,1
4566,111,1
4567,78,1
4568,90,1
4569,69,1
4570,132,1
4571,53,1
4572,41,1
4573,91,1
4574,99,1
4575,147,1
4576,75,1
4577,78,1
4578,160,1
4579,78,1
4580,110,1
4581,101,1
4582,90,1
4583,92,1
4584,83,1
4585,115,1
4586,47,1
4587,41,1
4588,182,1
4589,80,1
4590,127,1
4591,200,0
4592,94,1
4593,159,1
4594,103,1
4595,22,1
4596,119,1
4597,87,1
4598,176,1
4599,97,1
4600,200,0
4601,126,1
4602,42,1
4603,117,1
4604,64,1
4605,34,1
4606,44,1
4607,148,1
4608,132,1
4609,117,1
4610,39,1
4611,189,1
4612,57,1
4613,67,1
4614,62,1
4615,33,1
4616,35,1
4617,39,1
4618,102,1
4619,59,1
4620,171,1
4621,54,1
4622,171,1
4623,123,1
4624,136,1
4625,40,1
4626,114,1
4627,110,1
4628,200,0
4629,179,1
4630,64,1
4631,200,0
4632,149,1
4633,124,1
4634,189,1
4635,200,1
4636,49,1
4637,104,1
4638,128,1
4639,131,1
4640,71,1
4641,136,1
4642,180,1
4643,25,1
4644,78,1
4645,110,1
4646,200,0
4647,107,1
4648,176,1
4649,137,1
4650,34,1
4651,69,1
4652,74,1
4653,200,0
4654,110,1
4655,99,1
4656,200,0
4657,90,1
4658,133,1
4659,112,1
4660,69,1
4661,109,1
4662,200,0
4663,75,1
4664,85,1
4665,158,1
4666,65,1
4667,197,1
4668,152,1
4669,132,1
4670,31,1
4671,89,1
4672,98,1
4673,28,1
4674,89,1
4675,57,1
4676,103,1
4677,94,1
4678,82,1
4679,99,1
4680,200,0
4681,125,1
4682,131,1
4683,29,1
4684,69,1
4685,102,1
4686,96,1
4687,200,0
4688,138,1
4689,50,1
4690,39,1
4691,107,1
4692,76,1
4693,146,1
4694,74,1
4695,123,1
4696,178,1
4697,111,1
4698,84,1
4699,200,0
4700,47,1
4701,73,1
4702,68,1
4703,200,0
4704,79,1
4705,40,1
4706,120,1
4707,87,1
4708,200,0
4709,66,1
4710,77,1
4711,84,1
4712,143,1
4713,54,1
4714,63,1
4715,159,1
4716,140,1
4717,93,1
4718,48,1
4719,85,1
4720,166,1
4721,132,1
4722,155,1
4723,71,1
4724,84,1
4725,200,0
4726,112,1
4727,113,1
4728,200,0
4729,180,1
4730,69,1
4731,127,1
4732,86,1
4733,200,0
4734,56,1
4735,200,0
4736,88,1
4737,43,1
4738,62,1
4739,29,1
4740,101,1
4741,47,1
4742,142,1
4743,71,1
4744,81,1
4745,51,1
4746,36,1
4747,162,1
4748,66,1
4749,200,0
4750,71,1
4751,200,0
4752,40,1
4753,47,1
4754,111,1
4755,43,1
4756,89,1
4757,62,1
4758,42,1
4759,176,1
4760,113,1
4761,200,0
4762,53,1
4763,160,1
4764,64,1
4765,94,1
4766,103,1
4767,198,1
4768,200,0
4769,29,1
4770,113,1
4771,165,1
4772,87,1
4773,77,1
4774,55,1
4775,51,1
4776,58,1
4777,194,1
4778,28,1
4779,177,1
4780,66,1
4781,108,1
4782,190,1
4783,200,0
4784,90,1
4785,74,1
4786,147,1
4787,200,0
4788,43,1
4789,137,1
4790,200,0
4791,70,1
4792,97,1
4793,110,1
4794,200,0
4795,136,1
4796,200,0
4797,48,1
4798,125,1
4799,105,1
4800,98,1
4801,57,1
4802,55,1
4803,107,1
4804,72,1
4805,200,0
4806,112,1
4807,92,1
4808,74,1
4809,108,1
4810,39,1
4811,64,1
4812,136,1
4813,35,1
4814,65,1
4815,75,1
4816,160,1
4817,182,1
4818,142,1
4819,72,1
4820,77,1
4821,30,1
4822,200,0
4823,108,1
4824,200,0
4825,52,1
4826,86,1
4827,73,1
4828,77,1
4829,45,1
4830,40,1
4831,110,1
4832,200,0
4833,102,1
4834,200,0
4835,85,1
4836,144,1
4837,200,0
4838,64,1
4839,61,1
4840,97,1
4841,92,1
4842,128,1
4843,111,1
4844,113,1
4845,131,1
4846,69,1
4847,26,1
4848,72,1
4849,91,1
4850,199,1
4851,109,1
4852,155,1
4853,111,1
4854,81,1
4855,144,1
4856,68,1
4857,80,1
4858,200,0
4859,58,1
4860,74,1
4861,43,1
4862,106,1
4863,200,0
4864,80,1
4865,101,1
4866,200,0
4867,55,1
4868,44,1
4869,67,1
4870,119,1
4871,136,1
4872,63,1
4873,200,0
4874,157,1
4875,69,1
4876,106,1
4877,82,1
4878,118,1
4879,117,1
4880,94,1
4881,104,1
4882,95,1
4883,49,1
4884,179,1
4885,187,1
4886,92,1
4887,200,0
4888,67,1
4889,44,1
4890,55,1
4891,200,0
4892,94,1
4893,95,1
4894,111,1
4895,200,0
4896,113,1
4897,73,1
4898,78,1
4899,54,1
4900,83,1
4901,95,1
4902,176,1
4903,96,1
4904,66,1
4905,63,1
4906,93,1
4907,59,1
4908,200,0
4909,120,1
4910,150,1
4911,154,1
4912,21,1
4913,62,1
4914,63,1
4915,102,1
4916,91,1
4917,80,1
4918,111,1
4919,157,1
4920,155,1
4921,63,1
4922,83,1
4923,108,1
4924,105,1
4925,102,1
4926,124,1
4927,108,1
4928,92,1
4929,140,1
4930,67,1
4931,200,0
4932,101,1
4933,64,1
4934,154,1
4935,154,1
4936,38,1
4937,105,1
4938,38,1
4939,49,1
4940,83,1
4941,200,1
4942,107,1
4943,85,1
4944,72,1
4945,81,1
4946,67,1
4947,79,1
4948,97,1
4949,121,1
4950,102,1
4951,80,1
4952,82,1
4953,200,0
4954,66,1
4955,46,1
4956,81,1
4957,182,1
4958,105,1
4959,62,1
4960,160,1
4961,155,1
4962,110,1
4963,197,1
4964,47,1
4965,105,1
4966,134,1
4967,136,1
4968,200,0
4969,200,0
4970,96,1
4971,110,1
4972,46,1
4973,33,1
4974,64,1
4975,103,1
4976,84,1
4977,110,1
4978,61,1
4979,114,1
4980,79,1
4981,195,1
4982,111,1
4983,200,0
4984,100,1
4985,200,0
4986,65,1
4987,169,1
4988,66,1
4989,47,1
4990,59,1
4991,101,1
4992,96,1
4993,87,1
4994,123,1
4995,43,1
4996,51,1
4997,86,1
4998,98,1
4999,65,1
5000,101,1
